{
  "stabilized": 17.375513553619385,
  "binary": 663.6148850917816,
  "matted": 699.8927824497223,
  "alpha": 699.8927824497223,
  "output": 717.6667759418488
}