{
  "stabilized": 18.006065845489502,
  "binary": 1024.303237438202,
  "matted": 1076.5349824428558,
  "alpha": 1076.5349824428558,
  "output": 1093.8414986133575
}