{
  "stabilized": 18.86156415939331,
  "binary": 680.1715314388275,
  "matted": 718.9968276023865,
  "alpha": 718.9968276023865,
  "output": 726.5870389938354
}