{
  "matted": 42.96978998184204,
  "alpha": 42.96978998184204
}